x	y	key	showSelected1	row_in_group	na_group
2	1.08455431611548	2	15	2	1
3	1.06425216315035	3	15	3	1
4	0.995937416726897	4	15	4	1
5	1.62146715997163	5	15	5	1
6	-0.959614287259198	6	15	6	1
7	1.35221840756166	7	15	7	1
8	0.441982454576057	8	15	8	1
9	0.962002658237664	9	15	9	1
10	0.858095420468929	10	15	10	1
11	-0.702573418182739	11	15	11	1
12	-0.235944943165666	12	15	12	1
13	-0.886636903745491	13	15	13	1
14	0.569273921606277	14	15	14	1
15	0.120257181992981	15	15	15	1
3	1.01034996427118	2	16	17	2
4	0.926166302133059	3	16	18	2
5	1.54571598579243	4	16	19	2
6	-1.0624674830398	5	16	20	2
7	1.33317834867756	6	16	21	2
8	0.380087937195125	7	16	22	2
9	0.911648862071773	8	16	23	2
10	0.794145508787569	9	16	24	2
11	-0.769915613988579	10	16	25	2
12	-0.245577395675182	11	16	26	2
13	-0.88284676178086	12	16	27	2
14	0.605153201430488	13	16	28	2
15	0.11795121781707	14	16	29	2
16	-0.0599959503282009	15	16	30	2
4	0.942634472291027	2	17	32	3
5	1.56359563746936	3	17	33	3
6	-1.03819090469838	4	17	34	3
7	1.33767239942257	5	17	35	3
8	0.394696983503302	6	17	36	3
9	0.923533936406428	7	17	37	3
10	0.809239692581053	8	17	38	3
11	-0.754020744803851	9	17	39	3
12	-0.243303834934628	10	17	40	3
13	-0.883741354094022	11	17	41	3
14	0.596684566684862	12	17	42	3
15	0.118495497647601	13	17	43	3
16	-0.0586184736100678	14	17	44	3
17	-0.416778602525298	15	17	45	3
5	1.59433217443953	2	18	47	4
6	-0.996457544273722	3	18	48	4
7	1.34539802849891	4	18	49	4
8	0.419811090873174	5	18	50	4
9	0.943965320265646	6	18	51	4
10	0.835187789702081	7	18	52	4
11	-0.726696206095809	8	18	53	4
12	-0.239395403997679	9	18	54	4
13	-0.885279229115504	10	18	55	4
14	0.582126312997977	11	18	56	4
15	0.119431157773174	12	18	57	4
16	-0.0562504820609322	13	18	58	4
17	-0.416335761170096	14	18	59	4
18	-0.620290632477951	15	18	60	4
6	-0.701134382403778	2	19	62	5
7	1.40006789411824	3	19	63	5
8	0.597529288510333	4	19	64	5
9	1.08854655746499	5	19	65	5
10	1.01880765659789	6	19	66	5
11	-0.533336048040361	7	19	67	5
12	-0.211737669980932	8	19	68	5
13	-0.896161892511966	9	19	69	5
14	0.479105864455914	10	19	70	5
15	0.126052290217532	11	19	71	5
16	-0.0394935579969199	12	19	72	5
17	-0.413202025762879	13	19	73	5
18	-0.664162160177819	14	19	74	5
19	0.782862091346734	15	19	75	5
7	1.34345241775543	2	20	77	6
8	0.413486392052011	3	20	78	6
9	0.938819911451947	4	20	79	6
10	0.82865306016319	5	20	80	6
11	-0.733577576602447	6	20	81	6
12	-0.240379697334307	7	20	82	6
13	-0.884891932995749	8	20	83	6
14	0.58579264159073	9	20	84	6
15	0.119195522542104	10	20	85	6
16	-0.056846833471666	11	20	86	6
17	-0.416447285667302	12	20	87	6
18	-0.618729316848966	13	20	88	6
19	0.878438105463509	14	20	89	6
20	-1.04749059129945	15	20	90	6
8	0.378375788230158	2	21	92	7
9	0.91025595679299	3	21	93	7
10	0.792376502747484	4	21	94	7
11	-0.771778458643106	5	21	95	7
12	-0.245843852128712	6	21	96	7
13	-0.882741917476123	7	21	97	7
14	0.606145707300382	8	21	98	7
15	0.117887429385653	9	21	99	7
16	-0.0601573876518609	10	21	100	7
17	-0.417066396956006	11	21	101	7
18	-0.610061910535999	12	21	102	7
19	0.896671526209991	13	21	103	7
20	-1.05631663932109	14	21	104	7
21	-0.240402951799046	15	21	105	7
9	0.945222471393978	2	22	107	8
10	0.836784386378965	3	22	108	8
11	-0.72501491642377	4	22	109	8
12	-0.239154916696562	5	22	110	8
13	-0.885373855173719	6	22	111	8
14	0.581230537891644	7	22	112	8
15	0.119488729310702	8	22	113	8
16	-0.0561047786045051	9	22	114	8
17	-0.416308512966391	10	22	115	8
18	-0.620672100651954	11	22	116	8
19	0.874351116435852	12	22	117	8
20	-1.0455122482379	13	22	118	8
21	-0.262119810600391	14	22	119	8
22	0.210310754961252	15	22	120	8
10	1.15575217234468	2	23	122	9
11	-0.389127179701235	3	23	123	9
12	-0.191110408587011	4	23	124	9
13	-0.904278231413951	5	23	125	9
14	0.402272754422048	6	23	126	9
15	0.130990360327355	7	23	127	9
16	-0.0269961692875926	8	23	128	9
17	-0.410864871918499	9	23	129	9
18	-0.696881741220427	10	23	130	9
19	0.714030670936002	11	23	131	9
20	-0.967907723529853	12	23	132	9
21	-0.418105140310724	13	23	133	9
22	0.0740433606855889	14	23	134	9
23	1.15587929260334	15	23	135	9
11	0.0935376095345587	2	24	137	10
12	-0.122071292699937	3	24	138	10
13	-0.931443488659299	4	24	139	10
14	0.145113556877988	5	24	140	10
15	0.147518002463652	6	24	141	10
16	0.014832391998944	7	24	142	10
17	-0.403042455164932	8	24	143	10
18	-0.806393658689159	9	24	144	10
19	0.483653001324041	10	24	145	10
20	-0.856391382006209	11	24	146	10
21	-0.642253324531891	12	24	147	10
22	-0.121770495990295	13	24	148	10
23	1.1049483155037	14	24	149	10
24	-0.0355743741699682	15	24	150	10
12	-0.0932781619996427	2	25	152	11
13	-0.94277290376438	3	25	153	11
14	0.0378639449655121	4	25	154	11
15	0.15441094357513	5	25	155	11
16	0.0322772160911082	6	25	156	11
17	-0.399780074627701	7	25	157	11
18	-0.852066186681474	8	25	158	11
19	0.387572768164385	9	25	159	11
20	-0.809882898294439	10	25	160	11
21	-0.73573551765659	11	25	161	11
22	-0.203435707019644	12	25	162	11
23	1.08370728045449	13	25	163	11
24	0.0885304379888313	14	25	164	11
25	-0.240249191171666	15	25	165	11
13	-0.941385469782609	2	26	167	12
14	0.0509980524828835	3	26	168	12
15	0.153566813437457	4	26	169	12
16	0.0301408708758445	5	26	170	12
17	-0.40017959548353	6	26	171	12
18	-0.846472992612569	7	26	172	12
19	0.399339040229246	8	26	173	12
20	-0.815578465995316	9	26	174	12
21	-0.724287409327196	10	26	175	12
22	-0.193434741580593	11	26	176	12
23	1.08630852099179	12	26	177	12
24	0.0733321923518489	13	26	178	12
25	-0.241120820306145	14	26	179	12
26	-1.48320277122413	15	26	180	12
14	0.269560660630394	2	27	182	13
15	0.139519777180008	3	27	183	13
16	-0.00540971233157542	4	27	184	13
17	-0.406827958925337	5	27	185	13
18	-0.753397533776997	6	27	186	13
19	0.595139714714975	7	27	187	13
20	-0.910357508266593	8	27	188	13
21	-0.53378124729691	9	27	189	13
22	-0.0270102557553432	10	27	190	13
23	1.12959535380473	11	27	191	13
24	-0.179579412132278	12	27	192	13
25	-0.255625463024887	13	27	193	13
26	-1.42701647366609	14	27	194	13
27	-1.09826323333159	15	27	195	13
15	0.129797636981226	2	28	197	14
16	-0.0300147427277734	3	28	198	14
17	-0.411429379487588	4	28	199	14
18	-0.688978773600052	5	28	200	14
19	0.730655959813084	6	28	201	14
20	-0.975955341146043	7	28	202	14
21	-0.401929404527707	8	28	203	14
22	0.0881743393470864	9	28	204	14
23	1.15955474521339	10	28	205	14
24	-0.354622889747698	11	28	206	14
25	-0.265664318727995	12	28	207	14
26	-1.38812919153067	13	28	208	14
27	-0.860066835658926	14	28	209	14
28	-0.853722812353669	15	28	210	14
16	-0.00833417701084899	2	29	212	15
17	-0.407374867085665	3	29	213	15
18	-0.745740953566099	4	29	214	15
19	0.61124668413853	5	29	215	15
20	-0.918154228782837	6	29	216	15
21	-0.518109815444696	7	29	217	15
22	-0.0133198325146739	8	29	218	15
23	1.13315621841559	9	29	219	15
24	-0.200384445061748	10	29	220	15
25	-0.25681864500643	11	29	221	15
26	-1.42239447234169	12	29	222	15
27	-1.0699520733571	13	29	223	15
28	-1.05606460024828	14	29	224	15
29	0.708239971901873	15	29	225	15
17	-0.408767003685527	2	30	227	16
18	-0.72625138234634	3	30	228	16
19	0.652246441088512	4	30	229	16
20	-0.938000522506189	5	30	230	16
21	-0.478218704950668	6	30	231	16
22	0.021528686201017	7	30	232	16
23	1.14222028129038	8	30	233	16
24	-0.253342966991838	9	30	234	16
25	-0.259855850203382	10	30	235	16
26	-1.41062932112426	11	30	236	16
27	-0.997886953755612	12	30	237	16
28	-0.986589560912857	13	30	238	16
29	0.776413650170827	14	30	239	16
30	0.74280734727285	15	30	240	16
18	-0.687565522470435	2	31	242	17
19	0.733628983291653	3	31	243	17
20	-0.977394459365062	4	31	244	17
21	-0.399036772548702	5	31	245	17
22	0.0907013168718919	6	31	246	17
23	1.16021200939598	7	31	247	17
24	-0.358463081514701	8	31	248	17
25	-0.26588455618869	9	31	249	17
26	-1.38727606279527	10	31	250	17
27	-0.854841163398906	11	31	251	17
28	-0.848684955095864	12	31	252	17
29	0.911735116969648	13	31	253	17
30	0.707069779455685	14	31	254	17
31	0.366821859864313	15	31	255	17
19	0.763410212854343	2	32	257	18
20	-0.991810326026535	3	32	258	18
21	-0.370060836896629	4	32	259	18
22	0.11601443609496	5	32	260	18
23	1.16679592494392	6	32	261	18
24	-0.396930868063409	7	32	262	18
25	-0.268090708418074	8	32	263	18
26	-1.37873014215302	9	32	264	18
27	-0.802494807469698	10	32	265	18
28	-0.798219970685122	11	32	266	18
29	0.961254824248343	12	32	267	18
30	0.693991929067102	13	32	268	18
31	0.336768425485207	14	32	269	18
32	1.12437638623506	15	32	270	18
20	-1.04593225821208	2	33	272	19
21	-0.261275589280164	3	33	273	19
22	0.211048259184968	4	33	274	19
23	1.19151412185631	5	33	275	19
24	-0.541351663830158	6	33	276	19
25	-0.276373333677702	7	33	277	19
26	-1.34664592908944	8	33	278	19
27	-0.605969271246981	9	33	279	19
28	-0.608757725496469	10	33	280	19
29	1.1471681863876	11	33	281	19
30	0.644893352582955	12	33	282	19
31	0.223937891213147	13	33	283	19
32	1.03205347946353	14	33	284	19
33	-0.0568962318330359	15	33	285	19
21	-0.21519829879463	2	34	287	20
22	0.251300969625151	3	34	288	20
23	1.20198380928512	4	34	289	20
24	-0.602522816210652	5	34	290	20
25	-0.279881538498048	6	34	291	20
26	-1.33305627757215	7	34	292	20
27	-0.522728533934094	8	34	293	20
28	-0.528508729434269	9	34	294	20
29	1.22591401066182	10	34	295	20
30	0.624097064293366	11	34	296	20
31	0.176147171265336	12	34	297	20
32	0.992949009997423	13	34	298	20
33	-0.136608896691781	14	34	299	20
34	0.0572541856192482	15	34	300	20
22	0.242072784573235	2	35	302	21
23	1.1995835681095	3	35	303	21
24	-0.588498947809416	4	35	304	21
25	-0.279077260651211	5	35	305	21
26	-1.33617178998414	6	35	306	21
27	-0.541811992398905	7	35	307	21
28	-0.546906312548405	8	35	308	21
29	1.20786103906011	9	35	309	21
30	0.628864743155999	10	35	310	21
31	0.18710349203529	11	35	311	21
32	1.00191395364082	12	35	312	21
33	-0.118334270852832	13	35	313	21
34	0.0666603387593482	14	35	314	21
35	0.418402010904635	15	35	315	21
23	1.18701751098834	2	36	317	22
24	-0.515079354320418	3	36	318	22
25	-0.274866599877913	4	36	319	22
26	-1.35248252880839	5	36	320	22
27	-0.641720214778339	6	36	321	22
28	-0.643223750417462	7	36	322	22
29	1.11334775653754	8	36	323	22
30	0.653825120276317	9	36	324	22
31	0.244463458205123	10	36	325	22
32	1.04884840133516	11	36	326	22
33	-0.0226605550226884	12	36	327	22
34	0.115904664225246	13	36	328	22
35	0.45235567026531	14	36	329	22
36	1.82896649768772	15	36	330	22
24	-0.655048170321283	2	37	332	23
25	-0.282893901242747	3	37	333	23
26	-1.32138735798492	4	37	334	23
27	-0.451252862254846	5	37	335	23
28	-0.459601952773089	6	37	336	23
29	1.29353007058184	7	37	337	23
30	0.606240078376165	8	37	338	23
31	0.135111088229875	9	37	339	23
32	0.959371481602346	10	37	340	23
33	-0.205055146040891	11	37	341	23
34	0.0220241399309253	12	37	342	23
35	0.38762562650223	13	37	343	23
36	1.73642977600698	14	37	344	23
37	0.813677544867771	15	37	345	23
25	-0.288204425798133	2	38	347	24
26	-1.30081610237773	3	38	348	24
27	-0.325247682356353	4	38	349	24
28	-0.338125503718073	5	38	350	24
29	1.41273110212282	6	38	351	24
30	0.574759818448856	7	38	352	24
31	0.0627681650543237	8	38	353	24
32	0.900177319357113	9	38	354	24
33	-0.325719726869387	10	38	355	24
34	-0.0400832616575524	11	38	356	24
35	0.344802955314011	12	38	357	24
36	1.67521137764047	13	38	358	24
37	0.625555327127832	14	38	359	24
38	0.380163580579044	15	38	360	24
26	-1.31630168667313	2	39	362	25
27	-0.42010158297548	3	39	363	25
28	-0.429570276349732	4	39	364	25
29	1.32299921325449	5	39	365	25
30	0.598457458887247	6	39	366	25
31	0.117226310750546	7	39	367	25
32	0.944737369883329	8	39	368	25
33	-0.234886110605555	9	39	369	25
34	0.00666981073781636	10	39	370	25
35	0.377038911013651	11	39	371	25
36	1.72129522815675	12	39	372	25
37	0.767169554099523	13	39	373	25
38	0.525654093339694	14	39	374	25
39	-1.52718588374457	15	39	375	25
27	-0.491429409136716	2	40	377	26
28	-0.498334521183639	3	40	378	26
29	1.25552301534863	4	40	379	26
30	0.616277508105974	5	40	380	26
31	0.158177511744174	6	40	381	26
32	0.978245444057655	7	40	382	26
33	-0.166581440495272	8	40	383	26
34	0.0418269840174999	9	40	384	26
35	0.401279565633831	10	40	385	26
36	1.75594916286066	11	40	386	26
37	0.873660008339818	12	40	387	26
38	0.635059420211493	13	40	388	26
39	-1.42743102036952	14	40	389	26
40	0.31023329725269	15	40	390	26
28	-0.637160886508567	2	41	392	27
29	1.11929705483902	3	41	393	27
30	0.652253947153949	4	41	394	27
31	0.240852838192791	5	41	395	27
32	1.04589403320301	6	41	396	27
33	-0.0286828987599155	7	41	397	27
34	0.112804896932942	8	41	398	27
35	0.450218399793138	9	41	399	27
36	1.82591110035841	10	41	400	27
37	1.08865084754251	11	41	401	27
38	0.855935020801355	12	41	402	27
39	-1.22603849232979	13	41	403	27
40	0.298736622230098	14	41	404	27
41	0.204862717058815	15	41	405	27
29	0.868530343294984	2	42	407	28
30	0.718479894685363	3	42	408	28
31	0.393042770726892	4	42	409	28
32	1.17042253112745	5	42	410	28
33	0.225162724411565	6	42	411	28
34	0.243462062039219	7	42	412	28
35	0.540305711073748	8	42	413	28
36	1.95469804327246	9	42	414	28
37	1.4844090830306	10	42	415	28
38	1.26252600986859	11	42	416	28
39	-0.855312224024248	12	42	417	28
40	0.277573377145819	13	42	418	28
41	0.247019958931426	14	42	419	28
42	-0.786073969137654	15	42	420	28
30	0.660177877154371	2	43	422	29
31	0.259062352999614	3	43	423	29
32	1.0607938592892	4	43	424	29
33	0.00168971233742132	5	43	425	29
34	0.128438017619733	6	43	426	29
35	0.460997340300938	7	43	427	29
36	1.84132044909042	8	43	428	29
37	1.13600329279987	9	43	429	29
38	0.904583604268475	10	43	430	29
39	-1.18168112019892	11	43	431	29
40	0.296204441432684	12	43	432	29
41	0.209906828106845	13	43	433	29
42	-0.838212699382796	14	43	434	29
43	-0.048257285201441	15	43	435	29
31	0.207185118035713	2	44	437	30
32	1.01834562346335	3	44	438	30
33	-0.0848390666596649	4	44	439	30
34	0.0839006928369866	5	44	440	30
35	0.430289128944559	6	44	441	30
36	1.79742063005122	7	44	442	30
37	1.0011005260435	8	44	443	30
38	0.765988258815386	9	44	444	30
39	-1.30805119874447	10	44	445	30
40	0.303418391919124	11	44	446	30
41	0.195536619081584	12	44	447	30
42	-0.858400822434871	13	44	448	30
43	-0.00747564052229932	14	44	449	30
44	0.110043818174004	15	44	450	30
32	1.00740122153334	2	45	452	31
33	-0.107148727295313	3	45	453	31
34	0.0724176624159036	4	45	454	31
35	0.422371650135438	5	45	455	31
36	1.78610196733481	6	45	456	31
37	0.966318630585972	7	45	457	31
38	0.730254308116245	8	45	458	31
39	-1.34063311657029	9	45	459	31
40	0.305278360233253	10	45	460	31
41	0.191831557131875	11	45	461	31
42	-0.863605913496859	12	45	462	31
43	0.00303906526114728	13	45	463	31
44	0.116202557890083	14	45	464	31
45	0.531070813584372	15	45	465	31
33	-0.0921135899601463	2	46	467	32
34	0.0801564147987618	3	46	468	32
35	0.427707472279375	4	46	469	32
36	1.79372994748076	5	46	470	32
37	0.989759174282355	6	46	471	32
38	0.754336469878544	7	46	472	32
39	-1.31867520259057	8	46	473	32
40	0.304024872809186	9	46	474	32
41	0.194328507496067	10	46	475	32
42	-0.860098049337151	11	46	476	32
43	-0.00404710463066998	12	46	477	32
44	0.112052001816862	13	46	478	32
45	0.529852939649649	14	46	479	32
46	0.760552433001984	15	46	480	32
34	0.0611592814201083	2	47	482	33
35	0.414609065722567	3	47	483	33
36	1.7750047384195	4	47	484	33
37	0.932217194252768	5	47	485	33
38	0.695219442170295	6	47	486	33
39	-1.37257761475635	7	47	487	33
40	0.307101940869435	8	47	488	33
41	0.188198979535784	9	47	489	33
42	-0.868709174234206	10	47	490	33
43	0.0133480655361434	11	47	491	33
44	0.122240810479769	12	47	492	33
45	0.532842583513635	13	47	493	33
46	0.748494334270062	14	47	494	33
47	0.416014175736976	15	47	495	33
35	0.428349787562043	2	48	497	34
36	1.79464818802392	3	48	498	34
37	0.992580898665983	4	48	499	34
38	0.757235430923788	5	48	500	34
39	-1.31603195411934	6	48	501	34
40	0.303873980574139	7	48	502	34
41	0.194629085239425	8	48	503	34
42	-0.859675779872666	9	48	504	34
43	-0.00490012317107857	10	48	505	34
44	0.111552366423198	11	48	506	34
45	0.529706334493118	12	48	507	34
46	0.761143734017252	13	48	508	34
47	0.44411319680941	14	48	509	34
48	1.2356390909013	15	48	510	34
36	1.76951963946707	2	49	512	35
37	0.915361657241225	3	49	513	35
38	0.677902532880131	4	49	514	35
39	-1.38836702803001	5	49	515	35
40	0.308003293839039	6	49	516	35
41	0.186403481964364	7	49	517	35
42	-0.871231595852974	8	49	518	35
43	0.0184435616316559	9	49	519	35
44	0.125225376555404	10	49	520	35
45	0.533718327670767	11	49	521	35
46	0.744962204695093	12	49	522	35
47	0.408168002373718	13	49	523	35
48	1.1993362233011	14	49	524	35
49	0.92836094821019	15	49	525	35
37	0.823341283408495	2	50	527	36
38	0.583363363619779	3	50	528	36
39	-1.47456705304532	4	50	529	36
40	0.312924100406127	5	50	530	36
41	0.176601221874716	6	50	531	36
42	-0.885002392960406	7	50	532	36
43	0.0462616878207631	8	50	533	36
44	0.141519184686248	9	50	534	36
45	0.538499326618826	10	50	535	36
46	0.72567905259548	11	50	536	36
47	0.365332950274875	12	50	537	36
48	1.15607494041183	13	50	538	36
49	0.851906724502009	14	50	539	36
50	1.24605307547348	15	50	540	36
38	0.57444466723386	2	51	542	37
39	-1.48269904592811	3	51	543	37
40	0.313388322591376	4	51	544	37
41	0.175676490016806	5	51	545	37
42	-0.886301511192078	6	51	546	37
43	0.048886011933688	7	51	547	37
44	0.143056320339399	8	51	548	37
45	0.538950359543832	9	51	549	37
46	0.723859906306323	10	51	550	37
47	0.361291949837347	11	51	551	37
48	1.15199372994242	12	51	552	37
49	0.844694137232529	13	51	553	37
50	1.23798399277454	14	51	554	37
51	1.3672786677607	15	51	555	37
39	-1.61159372265234	2	52	557	38
40	0.320746392053359	3	52	558	38
41	0.161019195599577	4	52	559	38
42	-0.906892948852126	5	52	560	38
43	0.0904823848069191	6	52	561	38
44	0.16742040992358	7	52	562	38
45	0.546099375031002	8	52	563	38
46	0.695025858338677	9	52	564	38
47	0.297240806096206	10	52	565	38
48	1.08730524439155	11	52	566	38
49	0.730372332252572	12	52	567	38
50	1.11008646249721	13	52	568	38
51	1.20595803051123	14	52	569	38
52	0.635697625996129	15	52	570	38
40	0.336302654758493	2	53	572	39
41	0.130031077903894	3	53	573	39
42	-0.950426896903467	4	53	574	39
43	0.178424488009404	5	53	575	39
44	0.218930412662916	6	53	576	39
45	0.561213660588661	7	53	577	39
46	0.634065571492417	8	53	578	39
47	0.161825338255124	9	53	579	39
48	0.950542323026656	10	53	580	39
49	0.488675778505415	11	53	581	39
50	0.839688419829644	12	53	582	39
51	0.864897617072783	13	53	583	39
52	0.231066166563462	14	53	584	39
53	-0.00304865856904613	15	53	585	39
41	0.134538569998762	2	54	587	40
42	-0.944094504319095	3	54	588	40
43	0.165632541790402	4	54	589	40
44	0.211437833331887	5	54	590	40
45	0.559015155879864	6	54	591	40
46	0.642932777101962	7	54	592	40
47	0.181522699573122	8	54	593	40
48	0.97043568321643	9	54	594	40
49	0.523832651087059	10	54	595	40
50	0.879020174399609	11	54	596	40
51	0.914507830011284	12	54	597	40
52	0.289923342808849	13	54	598	40
53	0.0515616015722995	14	54	599	40
54	-1.2471293977693	15	54	600	40
42	-0.931707818411508	2	55	602	41
43	0.140610432398048	3	55	603	41
44	0.196781725774662	4	55	604	41
45	0.554714698046371	5	55	605	41
46	0.660277767845978	6	55	606	41
47	0.220052374510901	7	55	607	41
48	1.00934874822843	8	55	608	41
49	0.592602414231017	9	55	609	41
50	0.955956353507446	10	55	610	41
51	1.01154952748819	11	55	611	41
52	0.405052868631084	12	55	612	41
53	0.158383806716651	13	55	613	41
54	-1.15615617410151	14	55	614	41
55	-0.690391880010875	15	55	615	41
43	0.0998588762697557	2	56	617	42
44	0.172912467576829	3	56	618	42
45	0.547710878103336	4	56	619	42
46	0.688526200173009	5	56	620	42
47	0.282802648127383	6	56	621	42
48	1.0727234193281	7	56	622	42
49	0.704602358709987	8	56	623	42
50	1.08125630212678	9	56	624	42
51	1.16959376426717	10	56	625	42
52	0.592555339346128	11	56	626	42
53	0.332356792783853	12	56	627	42
54	-1.00799518685868	13	56	628	42
55	-0.642935800865509	14	56	629	42
56	-0.864171766902942	15	56	630	42
44	0.155725232234554	2	57	632	43
45	0.54266772591745	3	57	633	43
46	0.708866692132625	4	57	634	43
47	0.327986445273478	5	57	635	43
48	1.11835681848536	6	57	636	43
49	0.785248744455506	7	57	637	43
50	1.17147945390831	8	57	638	43
51	1.28339468214644	9	57	639	43
52	0.727567875752899	10	57	640	43
53	0.457627324023354	11	57	641	43
54	-0.901310775672509	12	57	642	43
55	-0.608764701205316	13	57	643	43
56	-0.867279995535425	14	57	644	43
57	-1.64754527330683	15	57	645	43
45	0.549274233013356	2	58	647	44
46	0.682220737477218	3	58	648	44
47	0.268795870517257	4	58	649	44
48	1.0585772670797	5	58	650	44
49	0.679602335216044	6	58	651	44
50	1.05328752344706	7	58	652	44
51	1.13431598220275	8	58	653	44
52	0.550702049196251	9	58	654	44
53	0.293523481220844	10	58	655	44
54	-1.04106688327057	11	58	656	44
55	-0.653528690880623	12	58	657	44
56	-0.863208229750987	13	58	658	44
57	-1.59484736951274	14	58	659	44
58	-1.21463634657639	15	58	660	44
46	0.647798595078858	2	59	662	45
47	0.192331490867569	3	59	663	45
48	0.981352027541192	4	59	664	45
49	0.543124742660424	5	59	665	45
50	0.900603203696164	6	59	666	45
51	0.941731092511697	7	59	667	45
52	0.322220812705774	8	59	668	45
53	0.0815286055213984	9	59	669	45
54	-1.22160853392614	10	59	670	45
55	-0.711356321635427	11	59	671	45
56	-0.85794818546069	12	59	672	45
57	-1.5267704410651	13	59	673	45
58	-1.04516243728029	14	59	674	45
59	-0.529409082278027	15	59	675	45
47	0.141684073642142	2	60	677	46
48	0.930200642475897	3	60	678	46
49	0.452726604288623	4	60	679	46
50	0.799470277729428	5	60	680	46
51	0.814169379408394	6	60	681	46
52	0.170882574355704	7	60	682	46
53	-0.0588896254038072	8	60	683	46
54	-1.34119321308279	9	60	684	46
55	-0.749659387133566	10	60	685	46
56	-0.854464110143327	11	60	686	46
57	-1.48167858765166	12	60	687	46
58	-0.932908655424372	13	60	688	46
59	-0.385579730127717	14	60	689	46
60	-0.0520258896103778	15	60	690	46
48	0.894781314308718	2	61	692	47
49	0.390131205853065	3	61	693	47
50	0.729441669730833	4	61	694	47
51	0.725840389446423	5	61	695	47
52	0.066089737924758	6	61	696	47
53	-0.156120998424219	7	61	697	47
54	-1.42399857581949	8	61	698	47
55	-0.77618200905193	9	61	699	47
56	-0.852051592733147	10	61	700	47
57	-1.45045512905561	11	61	701	47
58	-0.855179508256877	12	61	702	47
59	-0.285986356118754	13	61	703	47
60	0.04798675058916	14	61	704	47
61	0.47657197359394	15	61	705	47
49	0.474394805543558	2	62	707	48
50	0.823711579959954	3	62	708	48
51	0.844745593938148	4	62	709	48
52	0.207157960831578	5	62	710	48
53	-0.0252317366203538	6	62	711	48
54	-1.31252907307235	7	62	712	48
55	-0.740478240852864	8	62	713	48
56	-0.855299234035519	9	62	714	48
57	-1.49248698893424	10	62	715	48
58	-0.959815598207612	11	62	716	48
59	-0.420055255895093	12	62	717	48
60	-0.0866465497554203	13	62	718	48
61	0.356748336189653	14	62	719	48
62	2.726112480003	15	62	720	48
50	0.845917087091747	2	63	722	49
51	0.872754004680569	3	63	723	49
52	0.240386924582719	4	63	724	49
53	0.00559954803237162	5	63	725	49
54	-1.28627215999994	6	63	726	49
55	-0.732068131227753	7	63	727	49
56	-0.856064223860226	8	63	728	49
57	-1.50238769597882	9	63	729	49
58	-0.984462884239781	10	63	730	49
59	-0.451635512022414	11	63	731	49
60	-0.118359751812283	12	63	732	49
61	0.328523586336053	13	63	733	49
62	2.70568082930641	14	63	734	49
63	0.178073477335823	15	63	735	49
51	0.933445535872939	2	64	737	50
52	0.312390891838814	3	64	738	50
53	0.0724079753797917	4	64	739	50
54	-1.22937595573458	5	64	740	50
55	-0.713844232866016	6	64	741	50
56	-0.857721883205307	7	64	742	50
57	-1.52384157552767	8	64	743	50
58	-1.03787118158252	9	64	744	50
59	-0.520066888491462	10	64	745	50
60	-0.187079209318985	11	64	746	50
61	0.267363269105267	12	64	747	50
62	2.6614074081199	13	64	748	50
63	0.203811343395814	14	64	749	50
64	-0.136146258568479	15	64	750	50
52	0.448799388910703	2	65	752	51
53	0.198973739926976	3	65	753	51
54	-1.12158848222871	4	65	754	51
55	-0.679319821489155	5	65	755	51
56	-0.860862249334239	6	65	756	51
57	-1.56448505084079	7	65	757	51
58	-1.13905096166018	8	65	758	51
59	-0.649707262104533	9	65	759	51
60	-0.31726534037958	10	65	760	51
61	0.151497612366952	11	65	761	51
62	2.57753326792424	12	65	762	51
63	0.252570651540515	13	65	763	51
64	-0.0868175795526991	14	65	764	51
65	-0.0348741321635077	15	65	765	51
53	0.322856603144161	2	66	767	52
54	-1.01608585373651	3	66	768	52
55	-0.645527247742572	4	66	769	52
56	-0.863936046968174	5	66	770	52
57	-1.60426697852796	6	66	771	52
58	-1.23808596453438	7	66	772	52
59	-0.77659955979018	8	66	773	52
60	-0.444691826717768	9	66	774	52
61	0.0380880394335799	10	66	775	52
62	2.49543706541249	11	66	776	52
63	0.300296375183599	12	66	777	52
64	-0.0385345543834549	13	66	778	52
65	-0.000891556589314058	14	66	779	52
66	-0.415625602049867	15	66	780	52
54	-0.872130289306582	2	67	782	53
55	-0.599418168786414	3	67	783	53
56	-0.868130163073718	4	67	784	53
57	-1.65854837356201	5	67	785	53
58	-1.37321662374946	6	67	786	53
59	-0.949740765807593	7	67	787	53
60	-0.618561919115432	8	67	788	53
61	-0.116656342926398	9	67	789	53
62	2.3834189542144	10	67	790	53
63	0.365416871071287	11	67	791	53
64	0.0273463647932309	12	67	792	53
65	0.0454767748682012	13	67	793	53
66	-0.381436631706335	14	67	794	53
67	-0.792485859410316	15	67	795	53
55	-0.639873902829531	2	68	797	54
56	-0.864450279424921	3	68	798	54
57	-1.61092231529537	4	68	799	54
58	-1.25465407307534	5	68	800	54
59	-0.797828067893908	6	68	801	54
60	-0.466009702169603	7	68	802	54
61	0.0191151302659909	8	68	803	54
62	2.48170274164271	9	68	804	54
63	0.308280673124388	10	68	805	54
64	-0.0304570224152262	11	68	806	54
65	0.00479357477105791	12	68	807	54
66	-0.411433758578921	13	68	808	54
67	-0.793033167650256	14	68	809	54
68	-0.287191819999905	15	68	810	54
56	-0.863098509464844	2	69	812	55
57	-1.59342733963147	3	69	813	55
58	-1.21110125736506	4	69	814	55
59	-0.742024395497624	5	69	815	55
60	-0.409971108591278	6	69	816	55
61	0.0689894785913288	7	69	817	55
62	2.51780634819331	8	69	818	55
63	0.287292238872437	9	69	819	55
64	-0.0516905422425752	10	69	820	55
65	-0.0101510085418092	11	69	821	55
66	-0.422452915396073	12	69	822	55
67	-0.793234216082288	13	69	823	55
68	-0.272195979233105	14	69	824	55
69	-0.30273445062823	15	69	825	55
57	-1.57703356013537	2	70	827	56
58	-1.17028981121588	3	70	828	56
59	-0.689733205277523	4	70	829	56
60	-0.357459783966229	5	70	830	56
61	0.115724557545693	6	70	831	56
62	2.5516374649765	7	70	832	56
63	0.267624891531978	8	70	833	56
64	-0.0715875485981662	9	70	834	56
65	-0.0241549264779575	10	70	835	56
66	-0.432778487181008	11	70	836	56
67	-0.793422609808927	12	70	837	56
68	-0.258144030169994	13	70	838	56
69	-0.287320819778039	14	70	839	56
70	-0.239883135658545	15	70	840	56
58	-1.28588133679297	2	71	842	57
59	-0.837839166278977	3	71	843	57
60	-0.506189238475041	4	71	844	57
61	-0.0166446570749788	5	71	845	57
62	2.45581654290845	6	71	846	57
63	0.323329329812067	7	71	847	57
64	-0.0152326399616812	8	71	848	57
65	0.0155088049266774	9	71	849	57
66	-0.403533049743835	10	71	850	57
67	-0.792889016409866	11	71	851	57
68	-0.297943801626247	12	71	852	57
69	-0.330977324821819	13	71	853	57
70	-0.287981017407575	14	71	854	57
71	-1.76891854822726	15	71	855	57
59	-0.969317292842799	2	72	857	58
60	-0.63822085902194	3	72	858	58
61	-0.134152799457443	4	72	859	58
62	2.37075342165433	5	72	860	58
63	0.372779839007199	6	72	861	58
64	0.0347953113786954	7	72	862	58
65	0.0507194950457663	8	72	863	58
66	-0.377570993262251	9	72	864	58
67	-0.792415329463162	10	72	865	58
68	-0.333275258600386	11	72	866	58
69	-0.369732520471399	12	72	867	58
70	-0.330678957053561	13	72	868	58
71	-1.81251111684923	14	72	869	58
72	0.519583246250582	15	72	870	58
60	-1.10204639802367	2	73	872	59
61	-0.54695752950526	3	73	873	59
62	2.07192767141788	4	73	874	59
63	0.546498899534784	5	73	875	59
64	0.21054291940991	6	73	876	59
65	0.174414237679847	7	73	877	59
66	-0.286366592443081	8	73	878	59
67	-0.790751272758693	9	73	879	59
68	-0.457394253784008	10	73	880	59
69	-0.505879069584598	11	73	881	59
70	-0.480676319719635	12	73	882	59
71	-1.96565130064611	13	73	883	59
72	0.130131683852861	14	73	884	59
73	1.42474342189362	15	73	885	59
61	-0.735769629077353	2	74	887	60
62	1.93524823632077	3	74	888	60
63	0.625955984607684	4	74	889	60
64	0.290927838602341	5	74	890	60
65	0.23099077947496	6	74	891	60
66	-0.244650756466862	7	74	892	60
67	-0.789990152506652	8	74	893	60
68	-0.514164843778662	9	74	894	60
69	-0.568150923360548	10	74	895	60
70	-0.54928337509901	11	74	896	60
71	-2.03569584598889	12	74	897	60
72	-0.0479989474735489	13	74	898	60
73	1.3425051483237	14	74	899	60
74	-0.429010266530744	15	74	900	60
62	1.76979301582116	2	75	902	61
63	0.722141555770253	3	75	903	61
64	0.388236585308655	4	75	904	61
65	0.299478655439364	5	75	905	61
66	-0.194152282904494	6	75	906	61
67	-0.789068789910745	7	75	907	61
68	-0.582887621852661	8	75	908	61
69	-0.643533173002557	9	75	909	61
70	-0.63233460711177	10	75	910	61
71	-2.12048720970977	11	75	911	61
72	-0.263632285897177	12	75	912	61
73	1.24295285153997	13	75	913	61
74	-0.355552309350294	14	75	914	61
75	0.599029187913564	15	75	915	61
63	0.454412309435584	2	76	917	62
64	0.117381018277505	3	76	918	62
65	0.108844996010124	4	76	919	62
66	-0.334713056256385	5	76	920	62
67	-0.791633371171964	6	76	921	62
68	-0.391600120438555	7	76	922	62
69	-0.433709260333201	8	76	923	62
70	-0.401164344408219	9	76	924	62
71	-1.8844733499354	10	76	925	62
72	0.336575733694571	11	76	926	62
73	1.52005326344837	12	76	927	62
74	-0.560020019792709	13	76	928	62
75	0.613110564386272	14	76	929	62
76	0.295251432236949	15	76	930	62
64	0.166329154245808	2	77	932	63
65	0.143295690098329	3	77	933	63
66	-0.309311371065817	4	77	934	63
67	-0.791169908398605	5	77	935	63
68	-0.426168974720874	6	77	936	63
69	-0.471627954489337	7	77	937	63
70	-0.44294068142307	8	77	938	63
71	-1.92712500603856	9	77	939	63
72	0.228108095114102	10	77	940	63
73	1.46997657945167	11	77	941	63
74	-0.523069281059279	12	77	942	63
75	0.610565823889476	13	77	943	63
76	0.320716918029917	14	77	944	63
77	0.939982984334618	15	77	945	63
65	0.135051801964411	2	78	947	64
66	-0.315389874174866	3	78	948	64
67	-0.791280812847962	4	78	949	64
68	-0.417896811411435	5	78	950	64
69	-0.46255419034377	6	78	951	64
70	-0.432943801589139	7	78	952	64
71	-1.9169186664873	8	78	953	64
72	0.254063887944233	9	78	954	64
73	1.4819596930554	10	78	955	64
74	-0.531911418050892	11	78	956	64
75	0.611174768253027	12	78	957	64
76	0.314623147738509	13	78	958	64
77	0.93322734000736	14	78	959	64
78	-0.398471178540006	15	78	960	64
66	-0.291304526441581	2	79	962	65
67	-0.790841367119301	3	79	963	65
68	-0.450674277547422	4	79	964	65
69	-0.498507904732833	5	79	965	65
70	-0.472555252423084	6	79	966	65
71	-1.9573600766118	7	79	967	65
72	0.151217136895259	8	79	968	65
73	1.43447802645172	9	79	969	65
74	-0.496875498791218	10	79	970	65
75	0.608761898425828	11	79	971	65
76	0.338768989871391	12	79	972	65
77	0.959995779517107	13	79	973	65
78	-0.344402897247681	14	79	974	65
79	1.17695109660255	15	79	975	65
67	-0.79037084108746	2	80	977	66
68	-0.485769967569917	3	80	978	66
69	-0.537004486809092	4	80	979	66
70	-0.514968268549521	5	80	980	66
71	-2.00066175185153	6	80	981	66
72	0.0410964314185038	7	80	982	66
73	1.38363816451851	8	80	983	66
74	-0.459361623957539	9	80	984	66
75	0.606178375612666	10	80	985	66
76	0.364622574383139	11	80	986	66
77	0.98865744761318	12	80	987	66
78	-0.286510574747468	13	80	988	66
79	1.19184015184567	14	80	989	66
80	-1.24050685023263	15	80	990	66
68	-0.473911364483274	2	81	992	67
69	-0.523996744640692	3	81	993	67
70	-0.500637189045787	4	81	994	67
71	-1.98603040027173	5	81	995	67
72	0.0783054943271655	6	81	996	67
73	1.40081661985759	7	81	997	67
74	-0.47203731580487	8	81	998	67
75	0.607051330997983	9	81	999	67
76	0.355886818029716	10	81	1000	67
77	0.978972858265184	11	81	1001	67
78	-0.306072010178824	12	81	1002	67
79	1.18680923789726	13	81	1003	67
80	-1.26091026571767	14	81	1004	67
81	-0.560844973196691	15	81	1005	67
69	-0.524558444048509	2	82	1007	68
70	-0.501256032713382	3	82	1008	68
71	-1.98666221026701	4	82	1009	68
72	0.0766987351885968	5	82	1010	68
73	1.40007482100685	6	82	1011	68
74	-0.471489954970673	7	82	1012	68
75	0.607013635099907	8	82	1013	68
76	0.356264044846409	9	82	1014	68
77	0.979391057521542	10	82	1015	68
78	-0.305227309649279	11	82	1016	68
79	1.18702648246969	12	82	1017	68
80	-1.26002920686464	13	82	1018	68
81	-0.561232389990641	14	82	1019	68
82	-0.327628358065487	15	82	1020	68
70	-0.529101685139115	2	83	1022	69
71	-2.01509129898315	3	83	1023	69
72	0.00440057840481667	4	83	1024	69
73	1.36669664482282	5	83	1025	69
74	-0.446860762916822	6	83	1026	69
75	0.605317460555875	7	83	1027	69
76	0.373237841902655	8	83	1028	69
77	0.998208461248873	9	83	1029	69
78	-0.267218942461864	10	83	1030	69
79	1.19680167638684	11	83	1031	69
80	-1.22038485099137	12	83	1032	69
81	-0.57866469794354	13	83	1033	69
82	-0.35268545027539	14	83	1034	69
83	0.342009413124008	15	83	1035	69
71	-2.05084333172844	2	84	1037	70
72	-0.0865205937286606	3	84	1038	70
73	1.32472070743612	4	84	1039	70
74	-0.415887428189443	5	84	1040	70
75	0.603184374671714	6	84	1041	70
76	0.394583856691456	7	84	1042	70
77	1.02187297054632	8	84	1043	70
78	-0.219420140261493	9	84	1044	70
79	1.20909482642437	10	84	1045	70
80	-1.17052865181807	11	84	1046	70
81	-0.600587329758476	12	84	1047	70
82	-0.384196906380617	13	84	1048	70
83	0.314391959483173	14	84	1049	70
84	0.586203278676523	15	84	1050	70
72	-0.395782577876954	2	85	1052	71
73	1.18194250321721	3	85	1053	71
74	-0.310533804509621	4	85	1054	71
75	0.595928832784002	5	85	1055	71
76	0.46719082745897	6	85	1056	71
77	1.10236613762163	7	85	1057	71
78	-0.0568358701566469	8	85	1058	71
79	1.2509091132712	9	85	1059	71
80	-1.00094629034354	10	85	1060	71
81	-0.675155622860619	11	85	1061	71
82	-0.491380912149898	12	85	1062	71
83	0.220453129729094	13	85	1063	71
84	0.585589878958189	14	85	1064	71
85	0.153695937006516	15	85	1065	71
73	0.946644962501584	2	86	1067	72
74	-0.136911726175219	3	86	1068	72
75	0.583971747512636	4	86	1069	72
76	0.586846637348644	5	86	1070	72
77	1.23501834711568	6	86	1071	72
78	0.21110193676562	7	86	1072	72
79	1.31981878275233	8	86	1073	72
80	-0.721475674908947	9	86	1074	72
81	-0.798043679047362	10	86	1075	72
82	-0.668019448119245	11	86	1076	72
83	0.0656425566464651	12	86	1077	72
84	0.584579000260078	13	86	1078	72
85	0.274508797735837	14	86	1079	72
86	-0.974729359497317	15	86	1080	72
74	-0.297925528524339	2	87	1082	73
75	0.595060520225327	3	87	1083	73
76	0.475880122557867	4	87	1084	73
77	1.11199921933222	5	87	1085	73
78	-0.0373784725204976	6	87	1086	73
79	1.25591327022639	7	87	1087	73
80	-0.980651390737572	8	87	1088	73
81	-0.684079640719183	9	87	1089	73
82	-0.504208240520246	10	87	1090	73
83	0.209210927990753	11	87	1091	73
84	0.585516469874876	12	87	1092	73
85	0.162469256075493	13	87	1093	73
86	-1.03794019397914	14	87	1094	73
87	-0.0819230834814911	15	87	1095	73
75	0.595994420489606	2	88	1097	74
76	0.466534484390841	3	88	1098	74
77	1.10163850593994	4	88	1099	74
78	-0.0583055783340038	5	88	1100	74
79	1.25053112590951	6	88	1101	74
80	-1.00247925895873	7	88	1102	74
81	-0.674481550085478	8	88	1103	74
82	-0.490412004089731	9	88	1104	74
83	0.221302305766677	10	88	1105	74
84	0.585595423889328	11	88	1106	74
85	0.153033247215241	12	88	1107	74
86	-1.04326383227144	13	88	1108	74
87	-0.0666786820931071	14	88	1109	74
88	-1.74384733685468	15	88	1110	74
76	0.439552449464136	2	89	1112	75
77	1.07172582093974	3	89	1113	75
78	-0.118724769606264	4	89	1114	75
79	1.23499219712333	5	89	1115	75
80	-1.0654990647968	6	89	1116	75
81	-0.646770653078781	7	89	1117	75
82	-0.450580531206622	8	89	1118	75
83	0.256211636903963	9	89	1119	75
84	0.585823374077157	10	89	1120	75
85	0.125790300710602	11	89	1121	75
86	-1.05863384679294	12	89	1122	75
87	-0.0226661745096907	13	89	1123	75
88	-1.72743720235495	14	89	1124	75
89	0.341568697954862	15	89	1125	75
77	1.11373529046514	2	90	1127	76
78	-0.0338718660810666	3	90	1128	76
79	1.25681511791081	4	90	1129	76
80	-0.976993849941178	5	90	1130	76
81	-0.685687924574692	6	90	1131	76
82	-0.506519977840174	7	90	1132	76
83	0.20718486172299	8	90	1133	76
84	0.585503240111623	9	90	1134	76
85	0.164050381039774	10	90	1135	76
86	-1.03704814973359	11	90	1136	76
87	-0.0844774795145671	12	90	1137	76
88	-1.75048364720501	13	90	1138	76
89	0.220381259097025	14	90	1139	76
90	0.896623209626388	15	90	1140	76
78	-0.0310114022993187	2	91	1142	77
79	1.25755078719178	3	91	1143	77
80	-0.97401026362801	4	91	1144	77
81	-0.686999859004437	5	91	1145	77
82	-0.508405744318616	6	91	1146	77
83	0.20553212729771	7	91	1147	77
84	0.585492448122478	8	91	1148	77
85	0.165340160994515	9	91	1149	77
86	-1.03632047746692	10	91	1150	77
87	-0.0865611913490892	11	91	1151	77
88	-1.75126056252615	12	91	1152	77
89	0.216295927125413	13	91	1153	77
90	0.895952323494125	14	91	1154	77
91	1.17966027649947	15	91	1155	77
79	1.22527165230952	2	92	1157	78
80	-1.10492178532253	3	92	1158	78
81	-0.629435802015935	4	92	1159	78
82	-0.425663522930937	5	92	1160	78
83	0.278049546222532	6	92	1161	78
84	0.585965970780353	7	92	1162	78
85	0.108748181140928	8	92	1163	78
86	-1.06824872546322	9	92	1164	78
87	0.00486632520248215	10	92	1165	78
88	-1.71717166539289	11	92	1166	78
89	0.395549003421785	12	92	1167	78
90	0.925388952852134	13	92	1168	78
91	1.10113179394059	14	92	1169	78
92	0.573288839798037	15	92	1170	78
80	-1.09797911500844	2	93	1172	79
81	-0.632488614056003	3	93	1173	79
82	-0.430051616176776	4	93	1174	79
83	0.274203708017407	5	93	1175	79
84	0.585940858310057	6	93	1176	79
85	0.111749440720371	7	93	1177	79
86	-1.066555465033	8	93	1178	79
87	1.76220720212172e-05	9	93	1179	79
88	-1.71897951218211	10	93	1180	79
89	0.38604262082533	11	93	1181	79
90	0.923827831186559	12	93	1182	79
91	1.105296418701	13	93	1183	79
92	0.580520829197596	14	93	1184	79
93	-0.0646642201514062	15	93	1185	79
81	-0.551755472777637	2	94	1187	80
82	-0.314006295564443	3	94	1188	80
83	0.375908822866583	4	94	1189	80
84	0.586604970147142	5	94	1190	80
85	0.0323796300474596	6	94	1191	80
86	-1.11133458400253	7	94	1192	80
87	0.128244001459466	8	94	1193	80
88	-1.67117009963787	9	94	1194	80
89	0.637443663251984	10	94	1195	80
90	0.965112474435274	11	94	1196	80
91	0.995160833954626	12	94	1197	80
92	0.389267252411673	13	94	1198	80
93	-0.214857963019996	14	94	1199	80
94	0.525382902100245	15	94	1200	80
82	-0.330003983561501	2	95	1202	81
83	0.361888036104336	3	95	1203	81
84	0.586513417520041	4	95	1204	81
85	0.043321333347781	5	95	1205	81
86	-1.10516145810415	6	95	1206	81
87	0.11056706627924	7	95	1207	81
88	-1.67776097345484	8	95	1208	81
89	0.602786208581215	9	95	1209	81
90	0.959421087326533	10	95	1210	81
91	1.01034382205659	11	95	1211	81
92	0.415632943277948	12	95	1212	81
93	-0.19415266766777	13	95	1213	81
94	0.531892001769344	14	95	1214	81
95	0.792490254918973	15	95	1215	81
83	0.364703102968773	2	96	1217	82
84	0.586531799282154	3	96	1218	82
85	0.0411244789969129	4	96	1219	82
86	-1.1064008865657	5	96	1220	82
87	0.114116207660139	6	96	1221	82
88	-1.67643767036176	7	96	1222	82
89	0.609744666327118	8	96	1223	82
90	0.960563793191345	9	96	1224	82
91	1.00729541062051	10	96	1225	82
92	0.410339290077581	11	96	1226	82
93	-0.198309837436686	12	96	1227	82
94	0.530585117133944	13	96	1228	82
95	0.789849425980834	14	96	1229	82
96	0.845914070161097	15	96	1230	82
84	0.586536032824115	2	97	1232	83
85	0.0406185168905885	3	97	1233	83
86	-1.10668634191908	4	97	1234	83
87	0.114933617812075	5	97	1235	83
88	-1.67613289766711	6	97	1236	83
89	0.611347283240021	7	97	1237	83
90	0.960826972161786	8	97	1238	83
91	1.00659332462626	9	97	1239	83
92	0.40912009777093	10	97	1240	83
93	-0.199267283874498	11	97	1241	83
94	0.530284125808512	12	97	1242	83
95	0.78924121116156	13	97	1243	83
96	0.8449295806899	14	97	1244	83
97	-0.600251186403771	15	97	1245	83
85	0.0821113076172885	2	98	1247	84
86	-1.08327680375116	3	98	1248	84
87	0.0478996879027325	4	98	1249	84
88	-1.70112660664343	5	98	1250	84
89	0.479920349580425	6	98	1251	84
90	0.93924426901531	7	98	1252	84
91	1.06416978513057	8	98	1253	84
92	0.509103259756972	9	98	1254	84
93	-0.120749299662736	10	98	1255	84
94	0.554967733376378	11	98	1256	84
95	0.839119512120355	12	98	1257	84
96	0.925665301982856	13	98	1258	84
97	-0.50029617561743	14	98	1259	84
98	1.5703640213848	15	98	1260	84
86	-1.065438431067	2	99	1262	85
87	-0.00318103892018889	3	99	1263	85
88	-1.72017213809649	4	99	1264	85
89	0.379771316031007	5	99	1265	85
90	0.922797968387907	6	99	1266	85
91	1.10804379720818	7	99	1267	85
92	0.585291730151114	8	99	1268	85
93	-0.0609175740331673	9	99	1269	85
94	0.573776963521226	10	99	1270	85
95	0.87712742645737	11	99	1271	85
96	0.987186972125043	12	99	1272	85
97	-0.424129156803758	13	99	1273	85
98	1.57554836186781	14	99	1274	85
99	-0.70931819749251	15	99	1275	85
87	-0.042955866698183	2	100	1277	86
88	-1.7350022468401	3	100	1278	86
89	0.301788663682115	4	100	1279	86
90	0.909991792443939	5	100	1280	86
91	1.14220700088313	6	100	1281	86
92	0.644617105436024	7	100	1282	86
93	-0.0143286405822754	8	100	1283	86
94	0.588423072458584	9	100	1284	86
95	0.906722898976705	10	100	1285	86
96	1.03509180799402	11	100	1286	86
97	-0.364820485136274	12	100	1287	86
98	1.57958523179273	13	100	1288	86
99	-0.641419159169549	14	100	1289	86
100	1.06092276963048	15	100	1290	86
